f_of_S,Queries,Time,dual,k,n,trial,dual_history
43,11011,0.186787,43.0,10,500,1,"[50.0, 50.0, 50.0, 43.0, 43.0, 43.0, 43.0, 43.0, 43.0, 43.0, 43.0]"
63,16016,0.295714,63.0,15,500,1,"[75.0, 75.0, 75.0, 63.0, 63.0, 63.0, 63.0, 63.0, 63.0, 63.0, 63.0, 63.0, 63.0, 63.0, 63.0, 63.0]"
83,21021,0.428624,83.0,20,500,1,"[100.0, 100.0, 100.0, 83.0, 83.0, 83.0, 83.0, 83.0, 83.0, 83.0, 83.0, 83.0, 83.0, 83.0, 83.0, 83.0, 83.0, 83.0, 83.0, 83.0, 83.0]"
103,26026,0.566455,103.0,25,500,1,"[125.0, 125.0, 125.0, 103.0, 103.0, 103.0, 103.0, 103.0, 103.0, 103.0, 103.0, 103.0, 103.0, 103.0, 103.0, 103.0, 103.0, 103.0, 103.0, 103.0, 103.0, 103.0, 103.0, 103.0, 103.0, 103.0]"
123,31031,0.735851,123.0,30,500,1,"[150.0, 150.0, 150.0, 123.0, 123.0, 123.0, 123.0, 123.0, 123.0, 123.0, 123.0, 123.0, 123.0, 123.0, 123.0, 123.0, 123.0, 123.0, 123.0, 123.0, 123.0, 123.0, 123.0, 123.0, 123.0, 123.0, 123.0, 123.0, 123.0, 123.0, 123.0]"
141,36036,0.928861,143.0,35,500,1,"[175.0, 175.0, 175.0, 143.0, 143.0, 143.0, 143.0, 143.0, 143.0, 143.0, 143.0, 143.0, 143.0, 143.0, 143.0, 143.0, 143.0, 143.0, 143.0, 143.0, 143.0, 143.0, 143.0, 143.0, 143.0, 143.0, 143.0, 143.0, 143.0, 143.0, 143.0, 143.0, 143.0, 143.0, 143.0, 143.0]"
151,41041,1.158802,162.25,40,500,1,"[200.0, 200.0, 200.0, 163.0, 163.0, 163.0, 163.0, 163.0, 163.0, 163.0, 163.0, 163.0, 163.0, 163.0, 163.0, 163.0, 163.0, 163.0, 163.0, 163.0, 163.0, 163.0, 163.0, 163.0, 163.0, 163.0, 163.0, 163.0, 163.0, 163.0, 163.0, 163.0, 163.0, 163.0, 163.0, 163.0, 163.0, 163.0, 163.0, 163.0, 162.25]"
