f_of_S,Queries,Time,dual,k,n,trial
199,5511,0.243038,203.96718652526516,10,500,1
240,8016,0.392891,247.56877824711273,15,500,1
273,10521,0.549044,281.683750111593,20,500,1
300,13026,0.731402,308.29658658015893,25,500,1
318,15531,0.901504,336.68844582647404,30,500,1
337,18036,1.135037,356.0813558323763,35,500,1
351,20541,1.349012,384.695169049095,40,500,1
