DUAL,topk,marginal,curvature,k,n,trial
43.0,43,50.000000000000014,0.6321205588285577,10,500,1
63.0,63,75.00000000000001,0.6321205588285577,15,500,1
83.0,83,94.99999999999991,0.6321205588285577,20,500,1
103.0,103,114.99999999999993,0.6321205588285577,25,500,1
123.0,123,135.00000000000003,0.6321205588285577,30,500,1
143.0,143,154.99999999999994,0.6321205588285577,35,500,1
160.0,163,174.99999999999986,0.6321205588285577,40,500,1
