f_of_S,Queries,Time,k,n,trial,dualfit
60.24218063844665,18925,3.129383,25,769,1,78.04226766000004
104.47603833826409,37225,7.60157,50,769,1,142.4443616524981
175.58749092528987,71950,19.659866,100,769,1,254.7733508050427
233.35883351179854,104175,34.868387,150,769,1,344.95832748432053
285.84820357479043,133900,53.368209,200,769,1,421.77904736149304
336.3589266564374,161125,73.122278,250,769,1,485.24758759076553
385.9664017549529,185850,95.30453,300,769,1,545.3056711778213
