f_of_S,Queries,Time,k,n,trial,dualfit
200,4955,0.369575,10,500,1,276
242,7395,0.614648,15,500,1,333
273,9810,0.88303,20,500,1,368
300,12200,1.199444,25,500,1,399
320,14565,1.45075,30,500,1,420
337,16905,1.763334,35,500,1,433
352,19220,2.120141,40,500,1,448
