f_of_S,Queries,Time,k,n,trial
200,9910,0.144419,10,500,1
242,14790,0.247458,15,500,1
273,19620,0.381039,20,500,1
300,24400,0.522304,25,500,1
320,29130,0.67519,30,500,1
337,33810,0.831104,35,500,1
352,38440,1.00509,40,500,1
