f_of_S,Queries,Time,k,n,trial,dualfit
46,5105,0.483864,10,515,1,62
64,7620,0.79214,15,515,1,82
79,10110,1.179496,20,515,1,102
94,12575,1.406559,25,515,1,122
109,15015,1.894559,30,515,1,142
124,17430,2.177539,35,515,1,162
135,19820,2.61353,40,515,1,178
