f_of_S,Queries,Time,k,n,trial
46,10210,0.156001,10,515,1
64,15240,0.267704,15,515,1
79,20220,0.407695,20,515,1
94,25150,0.512341,25,515,1
109,30030,0.668242,30,515,1
124,34860,0.851641,35,515,1
135,39640,1.029219,40,515,1
