f_of_S,Queries,Time,dual,k,n,trial
179497089.92564338,11046,1.13104,203835193.84107,20,525,1
321566679.3085613,21566,3.00923,371763121.29244584,40,525,1
465376300.52720886,32086,5.627541,541744459.6447792,60,525,1
600899693.5272088,42606,8.937274,694737567.8529118,80,525,1
722559823.5272088,53126,12.931531,836160098.038075,100,525,1
850489497.3208362,63646,17.304729,986512997.9749618,120,525,1
962889044.011006,74166,22.726546,1115462278.499363,140,525,1
1062692449.0710244,84686,28.558516,1258183267.7104487,160,525,1
