f_of_S,Queries,Time,dual,k,n,trial
119,5511,0.194448,122.63636363636364,10,500,1
164,8016,0.303025,175.86292834890966,15,500,1
197,10521,0.428068,225.2209302325582,20,500,1
232,13026,0.545192,271.24243876052856,25,500,1
254,15531,0.683379,313.5853696897741,30,500,1
282,18036,0.796343,368.6447161440427,35,500,1
308,20541,0.951003,404.7281820313084,40,500,1
