BQS,topk,marginal,curvature,dualfit_min,dualfit_avg,k,n,trial
122.0,123,149.00000000000003,0.6321205588285577,149,689.9500717289245,10,500,1
177.0,178,209.00000000000006,0.6321205588285577,209,1413.0802902414564,15,500,1
228.0,233,268.99999999999983,0.6321205588285577,269,2353.836607764676,20,500,1
277.0,283,328.9999999999997,0.6321205588285577,329,3476.1637317551895,25,500,1
322.0,333,389.00000000000006,0.6321205588285577,389,4762.078710064294,30,500,1
362.0,383,443.9999999999998,0.6321205588285577,444,6198.393134382405,35,500,1
402.0,428,474.9999999999996,0.6321205588285577,475,7760.445387757765,40,500,1
