DUAL,topk,marginal,curvature,k,n,trial
122.0,123,149.00000000000003,0.6321205588285577,10,500,1
177.0,178,209.00000000000006,0.6321205588285577,15,500,1
228.0,233,268.99999999999983,0.6321205588285577,20,500,1
277.0,283,328.9999999999997,0.6321205588285577,25,500,1
322.0,333,389.00000000000006,0.6321205588285577,30,500,1
362.0,383,443.9999999999998,0.6321205588285577,35,500,1
402.0,428,474.9999999999996,0.6321205588285577,40,500,1
