f_of_S,Queries,Time,k,n,trial,dualfit
43,4955,0.377186,10,500,1,55
63,7395,0.590201,15,500,1,75
83,9810,0.858139,20,500,1,95
103,12200,1.152124,25,500,1,115
123,14565,1.439308,30,500,1,135
141,16905,1.781293,35,500,1,155
156,19220,2.121313,40,500,1,175
