f_of_S,Queries,Time,k,n,trial,dualfit
119,4955,0.317008,10,500,1,149
165,7395,0.513322,15,500,1,209
206,9810,0.695976,20,500,1,269
241,12200,0.881792,25,500,1,329
271,14565,1.05809,30,500,1,389
299,16905,1.268816,35,500,1,444
324,19220,1.486745,40,500,1,475
