f_of_S,Queries,Time,k,n,trial,dualfit
119,4955,0.349067,10,500,1,149
165,7395,0.601159,15,500,1,209
206,9810,0.810649,20,500,1,269
241,12200,1.046944,25,500,1,329
271,14565,1.258034,30,500,1,389
299,16905,1.582566,35,500,1,444
324,19220,1.900644,40,500,1,475
