f_of_S,Queries,Time,dual,k,n,trial
43,5511,0.220199,43.0,10,500,1
63,8016,0.351562,63.0,15,500,1
83,10521,0.495557,83.0,20,500,1
103,13026,0.641834,103.0,25,500,1
123,15531,0.793273,123.0,30,500,1
141,18036,0.984583,143.0,35,500,1
151,20541,1.167374,163.0,40,500,1
