f_of_S,Queries,Time,k,n,trial,dualfit
60.24218063844665,18925,3.966906,25,769,1,78.04226766000004
104.47603833826409,37225,9.345634,50,769,1,142.4443616524981
175.58749092528987,71950,22.394957,100,769,1,254.7733508050427
233.35883351179854,104175,41.048855,150,769,1,344.95832748432053
285.84820357479043,133900,59.531049,200,769,1,421.77904736149304
336.3589266564374,161125,82.767044,250,769,1,485.24758759076553
385.9664017549529,185850,104.413613,300,769,1,545.3056711778213
