f_of_S,Queries,Time,dual,k,n,trial
46,5676,0.237134,46.0,10,515,1
62,8256,0.376721,65.5625,15,515,1
76,10836,0.514443,84.18181818181819,20,515,1
93,13416,0.67784,100.06666666666666,25,515,1
108,15996,0.838683,115.06666666666666,30,515,1
123,18576,1.039515,130.06666666666666,35,515,1
135,21156,1.217704,147.375,40,515,1
