f_of_S,Queries,Time,k,n,trial
810.8318753875665,22460,0.528243,20,571,1
1236.248078804333,44120,1.359225,40,571,1
1526.5674926853471,64980,2.346928,60,571,1
1756.922150806392,85040,3.395089,80,571,1
1940.9844284235444,104300,4.573029,100,571,1
2099.2608455576396,122760,6.0341,120,571,1
2235.9559108871495,140420,7.568613,140,571,1
2349.5330236376585,157280,9.116759,160,571,1
2448.910104723942,173340,10.840748,180,571,1
2537.921364142483,188600,12.434904,200,571,1
