f_of_S,Queries,Time,k,n,trial,dualfit
200,4955,0.403054,10,500,1,276
242,7395,0.731546,15,500,1,333
273,9810,0.984977,20,500,1,368
300,12200,1.301183,25,500,1,399
320,14565,1.653184,30,500,1,420
337,16905,2.016645,35,500,1,433
352,19220,2.478548,40,500,1,448
