f_of_S,Queries,Time,k,n,trial
810.8318753875665,22460,0.828351,20,571,1
1236.248078804333,44120,1.972754,40,571,1
1526.5674926853471,64980,3.308298,60,571,1
1756.922150806392,85040,4.885567,80,571,1
1940.9844284235444,104300,6.668209,100,571,1
2099.2608455576396,122760,8.017466,120,571,1
2235.9559108871495,140420,9.687118,140,571,1
2349.5330236376585,157280,11.268433,160,571,1
2448.910104723942,173340,16.236674,180,571,1
2537.921364142483,188600,16.254095,200,571,1
