BQS,topk,marginal,curvature,dualfit_min,dualfit_avg,k,n,trial
43.0,43,50.000000000000014,0.6321205588285577,50,246.14135973115052,10,500,1
63.0,63,75.00000000000001,0.6321205588285577,75,521.2040932626127,15,500,1
83.0,83,94.99999999999991,0.6321205588285577,95,896.2352489831833,20,500,1
103.0,103,114.99999999999993,0.6321205588285577,115,1371.2538765910494,25,500,1
123.0,123,135.00000000000003,0.6321205588285577,135,1946.2662679508662,30,500,1
143.0,143,154.99999999999994,0.6321205588285577,155,2601.982532089386,35,500,1
160.0,163,174.99999999999986,0.6321205588285577,175,3348.4543538660087,40,500,1
