f_of_S,Queries,Time,k,n,trial,dualfit
43,4955,0.392068,10,500,1,55
63,7395,0.684179,15,500,1,75
83,9810,0.938982,20,500,1,95
103,12200,1.275798,25,500,1,115
123,14565,1.586444,30,500,1,135
141,16905,2.109488,35,500,1,155
156,19220,2.325532,40,500,1,175
