f_of_S,Queries,Time,k,n,trial
119,9910,0.134731,10,500,1
165,14790,0.202476,15,500,1
206,19620,0.287872,20,500,1
241,24400,0.383508,25,500,1
271,29130,0.472284,30,500,1
299,33810,0.522844,35,500,1
324,38440,0.640836,40,500,1
