BQS,topk,marginal,curvature,dualfit_min,dualfit_avg,k,n,trial
46.0,46,60.000000000000014,0.6321205588285577,60,269.14135973115054,10,515,1
66.0,66,82.0,0.6321205588285577,82,545.1047622431729,15,515,1
81.0,85,101.99999999999994,0.6321205588285577,102,910.0944260423846,20,515,1
96.0,100,121.99999999999996,0.6321205588285577,122,1347.690407443287,25,515,1
111.0,115,142.00000000000006,0.6321205588285577,142,1862.6997009631498,30,515,1
126.0,130,162.0,0.6321205588285577,162,2452.7063293447895,35,515,1
141.0,145,177.99999999999994,0.6321205588285577,178,3104.2420512984113,40,515,1
