f_of_S,Queries,Time,dual,k,n,trial
60.22101626694051,20020,1.787744,63.81276843075949,25,769,1
104.17663459382302,39270,4.230286,115.58648631831323,50,769,1
174.2130754068812,77770,11.005772,204.17618677815375,100,769,1
230.1898735658891,116270,20.340525,298.8926878320158,150,769,1
278.56910252022163,154770,31.924995,373.223986147038,200,769,1
327.3548025151657,193270,47.269215,452.6328241769527,250,769,1
373.4168351545243,231770,63.627306,514.133902032627,300,769,1
