f_of_S,Queries,Time,k,n,trial,dualfit
46,5105,0.405392,10,515,1,62
64,7620,0.611367,15,515,1,82
79,10110,0.857521,20,515,1,102
94,12575,1.189892,25,515,1,122
109,15015,1.483317,30,515,1,142
124,17430,1.904998,35,515,1,162
135,19820,2.146578,40,515,1,178
