f_of_S,Queries,Time,k,n,trial
60.24218063844665,37850,1.365283,25,769,1
104.47603833826409,74450,3.233469,50,769,1
175.58749092528987,143900,8.099525,100,769,1
233.35883351179854,208350,14.270025,150,769,1
285.84820357479043,267800,21.547295,200,769,1
336.3589266564374,322250,29.140358,250,769,1
385.9664017549529,371700,38.026883,300,769,1
