f_of_S,Queries,Time,k,n,trial
43,9910,0.151156,10,500,1
63,14790,0.242335,15,500,1
83,19620,0.367893,20,500,1
103,24400,0.520438,25,500,1
123,29130,0.660051,30,500,1
141,33810,0.837116,35,500,1
156,38440,1.008447,40,500,1
