DUAL,topk,marginal,curvature,k,n,trial
206.0,216,276.0,0.6321205588285577,10,500,1
252.0,264,332.9999999999999,0.6321205588285577,15,500,1
288.0,307,367.9999999999998,0.6321205588285577,20,500,1
315.0,344,398.99999999999983,0.6321205588285577,25,500,1
340.0,371,420.0000000000001,0.6321205588285577,30,500,1
360.0,396,432.99999999999966,0.6321205588285577,35,500,1
380.0,421,447.99999999999915,0.6321205588285577,40,500,1
