f_of_S,Queries,Time,k,n,trial
194087869.33396578,20620,0.833945,20,525,1
349836428.2124299,40440,2.361528,40,525,1
494286953.05637425,59460,4.640697,60,525,1
631464469.0563743,77680,7.213433,80,525,1
763606337.5272088,95100,10.31753,100,525,1
891031609.9714241,111720,13.623701,120,525,1
1012017812.9501921,127540,17.346983,140,525,1
1126553267.7960825,142560,21.334186,160,525,1
