DUAL,topk,marginal,curvature,k,n,trial
46.0,46,60.000000000000014,0.6321205588285577,10,515,1
66.0,66,82.0,0.6321205588285577,15,515,1
81.0,85,101.99999999999994,0.6321205588285577,20,515,1
96.0,100,121.99999999999996,0.6321205588285577,25,515,1
111.0,115,142.00000000000006,0.6321205588285577,30,515,1
126.0,130,162.0,0.6321205588285577,35,515,1
141.0,145,177.99999999999994,0.6321205588285577,40,515,1
